Twitter,State,Party,Type,Name
RepTomPrice,AS,Republican,Representative,Aumua Radewagen
JeffFlake,AZ,Republican,Senator,Jeff Flake
SenJonKyl,AZ,Republican,Senator,Jon Kyl
reppeteaguilar,CA,Democrat,Representative,Peter Aguilar
repcardenas,CA,Democrat,Representative,Tony Cardenas
DarrellIssa,CA,Republican,Representative,Darrell Issa
SteveKnight25,CA,Republican,Representative,Steve Knight
DanaRohrabacher,CA,Republican,Representative,Dana Rohrabacher
RepEdRoyce,CA,Republican,Representative,Ed Royce
RepDavidValadao,CA,Republican,Representative,David Valadao
RepMikeCoffman,CO,Republican,Representative,Mike Coffman
RepJaredPolis,CO,Democrat,Representative,Jared Polis
ChrisCoons,DE,Democrat,Senator,Christopher Coons
repcharliecrist,FL,Democrat,Representative,Charles Crist
TomRooney,FL,Republican,Representative,Tom Rooney
RosLehtinen,FL,Republican,Representative,Ileana Ros-Lehtinen
SenBillNelson,FL,Democrat,Senator,Bill Nelson
sanfordbishop,GA,Democrat,Representative,Sanford Bishop
SenatorIsakson,GA,Republican,Senator,Johnny Isakson
ColleenHanabusa,HI,Democrat,Representative,Colleen Hanabusa
RepRodBlum,IA,Republican,Representative,Rodney Blum
RepDavidYoung,IA,Republican,Representative,David Young
Raul_Labrador,ID,Republican,Representative,Raul Labrador
RepGutierrez,IL,Democrat,Representative,Luis Gutierrez
RepHultgren,IL,Republican,Representative,Randy Hultgren
PeterRoskam,IL,Republican,Representative,Peter Roskam
repandrecarson,IN,Democrat,Representative,Andre Carson
ToddRokita,IN,Republican,Representative,Todd Rokita
SenDonnelly,IN,Democrat,Senator,Joe Donnelly
nikiinthehouse,MA,Democrat,Representative,Niki Tsongas
RepCummings,MD,Democrat,Representative,Elijah Cummings
RepJohnDelaney,MD,Democrat,Representative,John Delaney
RepPoliquin,ME,Republican,Representative,Bruce Poliquin
RepJackBergman,MI,Republican,Representative,John Bergman
repsandylevin,MI,Democrat,Representative,Sandy Levin
keithellison,MN,Democrat,Representative,Keith Ellison
USRepRickNolan,MN,Democrat,Representative,Rick Nolan
RepErikPaulsen,MN,Republican,Representative,Erik Paulsen
RepTimWalz,MN,Democrat,Representative,Tim Walz
lacyclaymo1,MO,Democrat,Representative,Lacy Clay
ClairecMc,MO,Democrat,Senator,Claire McCaskill
GreggHarper,MS,Republican,Representative,Gregg Harper
RepWalterJones,NC,Republican,Representative,Walter Jones
RepMarkMeadows,NC,Republican,Representative,Mark Meadows
reppittenger,NC,Republican,Representative,Robert Pittenger
SenatorHeitkamp,ND,Democrat,Senator,Heidi Heitkamp
RepSheaPorter,NH,Democrat,Representative,Carol Shea-Porter
RepLanceNJ7,NJ,Republican,Representative,Leonard Lance
RepTomMacArthur,NJ,Republican,Representative,Thomas MacArthur
RepLujanGrisham,NM,Democrat,Representative,Michelle Lujan Grisham
RubenKihuen,NV,Democrat,Representative,Ruben Kihuen
RosenforNevada,NV,Democrat,Representative,Jacklyn Rosen
sencortezmasto,NV,Democrat,Senator,Catherine Cortez Masto
SenDeanHeller,NV,Republican,Senator,Dean Heller
YvetteClarke,NY,Democrat,Representative,Yvette Clarke
RepDanDonovan,NY,Republican,Representative,Daniel Donovan
JohnFasoNY,NY,Republican,Representative,John Faso
ClaudiaTenney,NY,Republican,Representative,Claudia Tenney
RepJimRenacci,OH,Republican,Representative,Jim Renacci
RepRussell,OK,Republican,Representative,Steve Russell
JimInhofe,OK,Republican,Senator,James Inhofe
reploubarletta,PA,Republican,Representative,Lou Barletta
RepFitzpatrick,PA,Republican,Representative,Brian Fitzpatrick
RepTomMarino,PA,Republican,Representative,Tom Marino
KeithRothfus,PA,Republican,Representative,Keith Rothfus
SenatorSmucker,PA,Republican,Representative,Lloyd Smucker
TGowdySC,SC,Republican,Representative,Trey Gowdy
RepSanfordSC,SC,Republican,Representative,Mark Sanford
RepDianeBlack,TN,Republican,Representative,Diane Black
RepJohnDuncanJr,TN,Republican,Representative,John Duncan
SenBobCorker,TN,Republican,Senator,Bob Corker
RepJoeBarton,TX,Republican,Representative,Joe Barton
RepHensarling,TX,Republican,Representative,Jeb Hensarling
SamsPressShop,TX,Republican,Representative,Sam Johnson
RepBetoORourke,TX,Democrat,Representative,Beto O'Rourke
JudgeTedPoe,TX,Republican,Representative,Ted Poe
PeteSessions,TX,Republican,Representative,Pete Sessions
LamarSmithTX21,TX,Republican,Representative,Lamar Smith
SenOrrinHatch,UT,Republican,Senator,Orrin Hatch
RepComstock,VA,Republican,Representative,Barbara Comstock
GarrettforVA,VA,Republican,Representative,Thomas Garrett
RepGoodlatte,VA,Republican,Representative,Bob Goodlatte
repbobbyscott,VA,Democrat,Representative,Bobby Scott
ScotttaylorVA,VA,Republican,Representative,Scott Taylor
SenatorLeahy,VT,Democrat,Senator,Patrick Leahy
davereichert,WA,Republican,Representative,Dave Reichert
SenShelby,AL,Republican,Senator,Richard Shelby
DougJones,AL,Democrat,Senator,Doug Jones
RepByrne,AL,Republican,Representative,Bradley Byrne
RepMarthaRoby,AL,Republican,Representative,Martha Roby
RepMikeRogersAL,AL,Republican,Representative,Mike Rogers
Robert_Aderholt,AL,Republican,Representative,Robert Aderholt
RepMoBrooks,AL,Republican,Representative,Mo Brooks
USRepGaryPalmer,AL,Republican,Representative,Gary Palmer
RepTerriSewell,AL,Democrat,Representative,Terri A. Sewell
SenDanSullivan,AK,Republican,Senator,Dan Sullivan
lisamurkowski,AK,Republican,Senator,Lisa Murkowski
RepDonYoung,AK,Republican,Representative,Don Young
RepAmata,AS,Republican,Representative,Amata Radewagen
SenMcSallyAZ,AZ,Republican,Senator,Martha McSally
SenatorSinema,AZ,Democrat,Senator,Kyrsten Sinema
TomOHalleran,AZ,Democrat,Representative,Tom O'Halleran
RepKirkPatrick,AZ,Democrat,Representative,Ann Kirkpatrick
RepRaulGrijalva,AZ,Democrat,Representative,Raul Grijalva
RepGosar,AZ,Republican,Representative,Paul A. Gosar
AndyBiggs4AZ,AZ,Republican,Representative,Andy Biggs
RepDavid,AZ,Republican,Representative,David Schweikert
RepRubenGallego,AZ,Democrat,Representative,Ruben Gallego
RepDLesko,AZ,Republican,Representative,Debbie Lesko
RepGregStanton,AZ,Democrat,Representative,Greg Stanton
SenTomCotton,AR,Republican,Senator,Tom Cotton
JohnBoozman,AR,Republican,Senator,John Boozman
RepRickCrawford,AR,Republican,Representative,Rick Crawford
RepFrenchHill,AR,Republican,Representative,French Hill
rep_stevewomack,AR,Republican,Representative,Steve Womack
RepWesterman,AR,Republican,Representative,Bruce Westerman
SenFeinstein,CA,Democrat,Senator,Dianne Feinstein
KamalaHarris,CA,Democrat,Senator,Kamala Harris
RepLaMalfa,CA,Republican,Representative,Doug LaMalfa
RepHuffman,CA,Democrat,Representative,Jared Huffman
RepGaramendi,CA,Democrat,Representative,John Garamendi
RepMcClintock,CA,Republican,Representative,Tom McClintock
RepThompson,CA,Democrat,Representative,Mike Thompson
DorisMatsui,CA,Democrat,Representative,Doris O. Matsui
RepBera,CA,Democrat,Representative,Ami Bera
RepPaulCook,CA,Republican,Representative,Paul Cook
RepMcNerney,CA,Democrat,Representative,Jerry McNerney
RepJoshHarder,CA,Democrat,Representative,Josh Harder
RepDeSaulnier,CA,Democrat,Representative,Mark DeSaulnier
SpeakerPelosi,CA,Democrat,Representative,Nancy Pelosi
RepBarbaraLee,CA,Democrat,Representative,Barbara Lee
RepSpeier,CA,Democrat,Representative,Jackie Speier
RepSwalwell,CA,Democrat,Representative,Eric Swalwell
RepJimCosta,CA,Democrat,Representative,Jim Costa
RoKhannaUSA,CA,Democrat,Representative,Ro Khanna
RepAnnaEshoo,CA,Democrat,Representative,Anna G. Eshoo
RepZoeLofgren,CA,Democrat,Representative,Zoe Lofgren
JimmyPanetta,CA,Democrat,Representative,Jimmy Panetta
RepTJCox,CA,Democrat,Representative,TJ Cox
DevinNunes,CA,Republican,Representative,Devin Nunes
GOPLeader,CA,Republican,Representative,Kevin McCarthy
CarbajalSalud,CA,Democrat,Representative,Salud Carbajal
MikeGarcia2020,CA,Republican,Representative,Mike Garcia
RepBrownley,CA,Democrat,Representative,Julia Brownley
RepJudyChu,CA,Democrat,Representative,Judy Chu
RepAdamSchiff,CA,Democrat,Representative,Adam Schiff
RepCardenas,CA,Democrat,Representative,Tony Cárdenas
BradSherman,CA,Democrat,Representative,Brad Sherman
RepPeteAguilar,CA,Democrat,Representative,Pete Aguilar
gracenapolitano,CA,Democrat,Representative,Grace Napolitano
RepTedLieu,CA,Democrat,Representative,Ted Lieu
RepJimmyGomez,CA,Democrat,Representative,Jimmy Gomez
NormaJTorres,CA,Democrat,Representative,Norma Torres
RepRaulRuizMD,CA,Democrat,Representative,Raul Ruiz
RepKarenBass,CA,Democrat,Representative,Karen Bass
RepLindaSanchez,CA,Democrat,Representative,Linda Sánchez
RepGilCisneros,CA,Democrat,Representative,Gilbert Ray Jr. Cisneros
RepRoybalAllard,CA,Democrat,Representative,Lucille Roybal-Allard
RepMarkTakano,CA,Democrat,Representative,Mark Takano
KenCalvert,CA,Republican,Representative,Ken Calvert
MaxineWaters,CA,Democrat,Representative,Maxine Waters
Nanette4CA,CA,Democrat,Representative,Nanette Barragan
RepKatiePorter,CA,Democrat,Representative,Katie Porter
RepLouCorrea,CA,Democrat,Representative,Lou Correa
RepLowenthal,CA,Democrat,Representative,Alan Lowenthal
RepHarley,CA,Democrat,Representative,Harley Rouda
RepMikeLevin,CA,Democrat,Representative,Mike Levin
RepJuanVargas,CA,Democrat,Representative,Juan Vargas
RepScottPeters,CA,Democrat,Representative,Scott Peters
RepSusanDavis,CA,Democrat,Representative,Susan Davis
MichaelBennet,CO,Democrat,Senator,Michael Bennet
SenCoryGardner,CO,Republican,Senator,Cory Gardner
RepDianaDeGette,CO,Democrat,Representative,Diana DeGette
RepJoeNeguse,CO,Democrat,Representative,Joe Neguse
RepTipton,CO,Republican,Representative,Scott Tipton
RepKenBuck,CO,Republican,Representative,Ken Buck
RepDLamborn,CO,Republican,Representative,Doug Lamborn
RepJasonCrow,CO,Democrat,Representative,Jason Crow
RepPerlmutter,CO,Democrat,Representative,Ed Perlmutter
ChrisMurphyCT,CT,Democrat,Senator,Chris Murphy
SenBlumenthal,CT,Democrat,Senator,Richard Blumenthal
RepJohnLarson,CT,Democrat,Representative,John B. Larson
RepJoeCourtney,CT,Democrat,Representative,Joe Courtney
rosadelauro,CT,Democrat,Representative,Rosa L. DeLauro
jahimes,CT,Democrat,Representative,Jim Himes
RepJahanaHayes,CT,Democrat,Representative,Jahana Hayes
SenCoonsOffice,DE,Democrat,Senator,Chris Coons
SenatorCarper,DE,Democrat,Senator,Tom Carper
LisaBRochester,DE,Democrat,Representative,Lisa Blunt Rochester
EleanorNorton,DC,Democrat,Representative,Eleanor Holmes Norton
marcorubio,FL,Republican,Senator,Marco Rubio
MattGaetz,FL,Republican,Representative,Matt Gaetz
DrNealDunnFL2,FL,Republican,Representative,Neal Dunn
RepTedYoho,FL,Republican,Representative,Ted Yoho
JRutherfordFL,FL,Republican,Representative,John Rutherford
AlLawsonJr,FL,Democrat,Representative,Al Lawson
RepMichaelWaltz,FL,Republican,Representative,Michael Waltz
SMurphyCongress,FL,Democrat,Representative,Stephanie Murphy
congbillposey,FL,Republican,Representative,Bill Posey
RepDarrenSoto,FL,Democrat,Representative,Darren Soto
Val_Demings,FL,Democrat,Representative,Val Demings
RepWebster,FL,Republican,Representative,Daniel Webster
RepGusBilirakis,FL,Republican,Representative,Gus M. Bilirakis
CharlieCrist,FL,Democrat,Representative,Charlie Crist
USRepKCastor,FL,Democrat,Representative,Kathy Castor
RepRossSpano,FL,Republican,Representative,Ross Spano
VernBuchanan,FL,Republican,Representative,Vern Buchanan
RepGregSteube,FL,Republican,Representative,W. Gregory Steube
BrianMastFL,FL,Republican,Representative,Brian Mast
FrancisRooney,FL,Republican,Representative,Francis Rooney
RepHastingsFL,FL,Democrat,Representative,Alcee L. Hastings
RepLoisFrankel,FL,Democrat,Representative,Lois Frankel
RepTedDeutch,FL,Democrat,Representative,Ted Deutch
RepDWStweets,FL,Democrat,Representative,Debbie Wasserman Schultz
RepWilson,FL,Democrat,Representative,Frederica Wilson
MarioDB,FL,Republican,Representative,Mario Diaz-Balart
RepDMP,FL,Democrat,Representative,Debbie Mucarsel-Powell
RepShalala,FL,Democrat,Representative,Donna E. Shalala
sendavidperdue,GA,Republican,Senator,David Perdue
SenatorLoeffler,GA,Republican,Senator,Kelly Loeffler
RepBuddyCarter,GA,Republican,Representative,Buddy Carter
SanfordBishop,GA,Democrat,Representative,Sanford D. Bishop Jr.
DrewFergusonGA,GA,Republican,Representative,Drew Ferguson
RepHankJohnson,GA,Democrat,Representative,Henry C. “Hank” Jr. Johnson
repjohnlewis,GA,Democrat,Representative,John Lewis
RepLucyMcBath,GA,Democrat,Representative,Lucy McBath
RepRobWoodall,GA,Republican,Representative,Robert Woodall
AustinScottGA08,GA,Republican,Representative,Austin Scott
RepDougCollins,GA,Republican,Representative,Doug Collins
CongressmanHice,GA,Republican,Representative,Jody Hice
RepLoudermilk,GA,Republican,Representative,Barry Loudermilk
RepRickAllen,GA,Republican,Representative,Rick Allen
repdavidscott,GA,Democrat,Representative,David Scott
RepTomGraves,GA,Republican,Representative,Tom Graves
SenBrianSchatz,HI,Democrat,Senator,Brian Schatz
maziehirono,HI,Democrat,Senator,Mazie Hirono
RepEdCase,HI,Democrat,Representative,Ed Case
TulsiPress,HI,Democrat,Representative,Tulsi Gabbard
SenatorRisch,ID,Republican,Senator,Jim Risch
MikeCrapo,ID,Republican,Senator,Mike Crapo
RepRussFulcher,ID,Republican,Representative,Russ Fulcher
CongMikeSimpson,ID,Republican,Representative,Mike Simpson
SenDuckworth,IL,Democrat,Senator,Tammy Duckwort
SenatorDurbin,IL,Democrat,Senator,Richard Durbin
RepBobbyRush,IL,Democrat,Representative,Bobby L. Rush
RepRobinKelly,IL,Democrat,Representative,Robin Kelly
RepLipinski,IL,Democrat,Representative,Daniel Lipinski
RepChuyGarcia,IL,Democrat,Representative,Jesus “Chuy” Garcia
RepMikeQuigley,IL,Democrat,Representative,Mike Quigley
RepCasten,IL,Democrat,Representative,Sean Casten
RepDannyDavis,IL,Democrat,Representative,Danny K. Davis
RajaForCongress,IL,Democrat,Representative,Raja Krishnamoorthi
janschakowsky,IL,Democrat,Representative,Jan Schakowsky
RepSchneider,IL,Democrat,Representative,Bradley Schneider
RepBillFoster,IL,Democrat,Representative,Bill Foster
RepBost,IL,Republican,Representative,Mike Bost
RodneyDavis,IL,Republican,Representative,Rodney Davis
RepUnderwood,IL,Democrat,Representative,Lauren Underwood
RepShimkus,IL,Republican,Representative,John Shimkus
RepKinzinger,IL,Republican,Representative,Adam Kinzinger
RepCheri,IL,Democrat,Representative,Cheri Bustos
ElectLaHood,IL,Republican,Representative,arin LaHood
SenToddYoung,IN,Republican,Senator,Todd Young
RepVisclosky,IN,Democrat,Representative,Peter Visclosky
RepWalorski,IN,Republican,Representative,Jackie Walorski
Jim_Banks,IN,Republican,Representative,Jim Banks
RepJimBaird,IN,Republican,Representative,James Baird
SusanWBrooks,IN,Republican,Representative,Susan W. Brooks
RepGregPence,IN,Republican,Representative,Greg Pence
RepAndreCarson,IN,Democrat,Representative,André Carson
RepLarryBucshon,IN,Republican,Representative,Larry Bucshon
VoteForTrey,IN,Republican,Representative,Trey Hollingsworth
ChuckGrassley,IA,Republican,Senator,Chuck Grassley
SenJoniErnst,IA,Republican,Senator,Joni Ernst
RepFinkenauer,IA,Democrat,Representative,Abby Finkenauer
daveloebsack,IA,Democrat,Representative,David Loebsack
RepCindyAxne,IA,Democrat,Representative,Cynthia Axne
SteveKingIA,IA,Republican,Representative,Steve King
SenPatRoberts,KS,Republican,Senator,Pat Roberts
JerryMoran,KS,Republican,Senator,Jerry Moran
RogerMarshallMD,KS,Republican,Representative,Roger Marshall
Rep_Watkins,KS,Republican,Representative,Steve Watkins
RepDavids,KS,Democrat,Representative,Sharice Davids
RepRonEstes,KS,Republican,Representative,Ron Estes
RandPaul,KY,Republican,Senator,Rand Paul
McConnellPress,KY,Republican,Senator,Mitch McConnell
JamesComer,KY,Republican,Representative,James Comer
RepGuthrie,KY,Republican,Representative,S. Brett Guthrie
RepJohnYarmuth,KY,Democrat,Representative,John A. Yarmuth
RepThomasMassie,KY,Republican,Representative,Thomas Massie
RepAndyBarr,KY,Republican,Representative,Andy Barr
JohnKennedyLA,LA,Republican,Senator,John Kennedy
BillCassidy,LA,Republican,Senator,Bill Cassidy
SteveScalise,LA,Republican,Representative,Steve Scalise
RepRichmond,LA,Democrat,Representative,Cedric Richmond
CaptClayHIggins,LA,Republican,Representative,Clay Higgins
RepMikeJohnson,LA,Republican,Representative,Mike Johnson
RepAbraham,LA,Republican,Representative,Ralph Abraham
RepGarretGraves,LA,Republican,Representative,Garret Graves
SenAngusKing,ME,Independent,Senator,Angus King
SenatorCollins,ME,Republican,Senator,Susan Collins
chelliepingree,ME,Democrat,Representative,Chellie Pingree
RepGolden,ME,Democrat,Representative,Jared Golden
ChrisVanHollen,MD,Democrat,Senator,Chris Van Hollen
SenatorCardin,MD,Democrat,Senator,Benjamin Cardin
RepAndyHarrisMD,MD,Republican,Representative,Andy Harris
Call_Me_Dutch,MD,Democrat,Representative,C. A. Dutch Ruppersberger
RepSarbanes,MD,Democrat,Representative,John P. Sarbanes
RepAnthonyBrown,MD,Democrat,Representative,Anthony Brown
LeaderHoyer,MD,Democrat,Representative,Steny H. Hoyer
RepDavidTrone,MD,Democrat,Representative,David Trone
Mfume4Congress,MD,Democrat,Representative,Kweisi Mfume
Jamie_Raskin,MD,Democrat,Representative,Jamie Raskin
SenWarren,MA,Democrat,Senator,Elizabeth Warren
SenMarkey,MA,Democrat,Senator,Edward Markey
RepRichardNeal,MA,Democrat,Representative,Richard E. Neal
RepMcGovern,MA,Democrat,Representative,James McGovern
RepLoriTrahan,MA,Democrat,Representative,Lori Trahan
RepJoeKennedy,MA,Democrat,Representative,Joseph P. Kennedy III
RepKClark,MA,Democrat,Representative,Katherine Clark
teammoulton,MA,Democrat,Representative,Seth Moulton
RepPressley,MA,Democrat,Representative,Ayanna Pressley
RepStephenLynch,MA,Democrat,Representative,Stephen F. Lynch
USRepKeating,MA,Democrat,Representative,William Keating
SenStabenow,MI,Democrat,Senator,Debbie Stabenow
SenGaryPeters,MI,Democrat,Senator,Gary Peters
JackBergman_MI1,MI,Republican,Representative,Jack Bergman
RepHuizenga,MI,Republican,Representative,Bill Huizenga
justinamash,MI,Libertarian,Representative,Justin Amash
RepMoolenaar,MI,Republican,Representative,John Moolenaar
RepDanKildee,MI,Democrat,Representative,Daniel Kildee
RepFredUpton,MI,Republican,Representative,Fred Upton
RepWalberg,MI,Republican,Representative,Tim Walberg
RepSlotkin,MI,Democrat,Representative,Elissa Slotkin
RepAndyLevin,MI,Democrat,Representative,Andy Levin
PaulMitchell4us,MI,Republican,Representative,Paul Mitchell
RepHaleyStevens,MI,Democrat,Representative,Haley Stevens
RepDebDingell,MI,Democrat,Representative,Debbie Dingell
RepRashida,MI,Democrat,Representative,Rashida Tlaib
RepLawrence,MI,Democrat,Representative,Brenda Lawrence
amyklobuchar,MN,Democrat,Senator,Amy Klobuchar
SenTinaSmith,MN,Democrat,Senator,Tina Smith
RepHagedorn,MN,Republican,Representative,Jim Hagedorn
RepAngieCraig,MN,Democrat,Representative,Angie Craig
RepDeanPhillips,MN,Democrat,Representative,Dean Phillips
BettyMcCollum04,MN,Democrat,Representative,Betty McCollum
IlhanMN,MN,Democrat,Representative,Ilhan Omar
RepTomEmmer,MN,Republican,Representative,Tom Emmer
collinpeterson,MN,Democrat,Representative,Collin C. Peterson
RepPeteStauber,MN,Republican,Representative,Pete Stauber
SenatorWicker,MS,Republican,Senator,Roger Wicker
SenHydeSmith,MS,Republican,Senator,Cindy Hyde-Smith
RepTrentKelly,MS,Republican,Representative,Trent Kelly
BennieGThompson,MS,Democrat,Representative,Bennie G. Thompson
RepMichaelGuest,MS,Republican,Representative,Michael Guest
CongPalazzo,MS,Republican,Representative,Steven Palazzo
HawleyMO,MO,Republican,Senator,Josh Hawley
RoyBlunt,MO,Republican,Senator,Roy Blunt
LacyClayMO1,MO,Democrat,Representative,William “Lacy” Clay Jr.
RepAnnWagner,MO,Republican,Representative,Ann Wagner
RepBlaine,MO,Republican,Representative,Blaine Luetkemeyer
RepHartzler,MO,Republican,Representative,Vicky Hartzler
repcleaver,MO,Democrat,Representative,Emanuel Cleaver
RepSamGraves,MO,Republican,Representative,Sam Graves
USRepLong,MO,Republican,Representative,Billy Long
RepJasonSmith,MO,Republican,Representative,Jason Smith
SenatorTester,MT,Democrat,Senator,Jon Tester
SteveDaines,MT,Republican,Senator,Steve Daines
GregForMT,MT,Republican,Representative,Greg Gianforte
SenSasse,NE,Republican,Senator,Ben Sasse
SenatorFischer,NE,Republican,Senator,Deb Fischer
JeffFortenberry,NE,Republican,Representative,Jeff Fortenberry
RepDonBacon,NE,Republican,Representative,Don Bacon
RepAdrianSmith,NE,Republican,Representative,Adrian Smith
SenJackyRosen,NV,Democrat,Senator,Jacky Rosen
CatherineForNV,NV,Democrat,Senator,Catherine Cortez Mastro
repdinatitus,NV,Democrat,Representative,Dina Titus
MarkAmodeiNV2,NV,Republican,Representative,Mark Amodei
RepSusieLee,NV,Democrat,Representative,Susie Lee
RepHorsford,NV,Democrat,Representative,Steven Horsford
SenatorShaheen,NH,Democrat,Senator,Jeanne Shaheen
Maggie_Hassan,NH,Democrat,Senator,Maggie Hassan
RepChrisPappas,NH,Democrat,Representative,Chris Pappas
RepAnnieKuster,NH,Democrat,Representative,Ann Kuster
SenatorMenendez,NJ,Democrat,Senator,Robert Menendez
CoryBooker,NJ,Democrat,Senator,Cory Booker
DonNorcross4NJ,NJ,Democrat,Representative,Donald Norcross
JeffVanDrew,NJ,Democrat,Representative,Jefferson Van Drew
RepAndyKimNJ,NJ,Democrat,Representative,Andy Kim
RepChrisSmith,NJ,Republican,Representative,Chris Smith
JoshGottheimer,NJ,Democrat,Representative,Josh Gottheimer
FrankPallone,NJ,Democrat,Representative,Frank Pallone Jr.
RepMalinowski,NJ,Democrat,Representative,Tom Malinowski
RepSires,NJ,Democrat,Representative,Albio Sires
BillPascrell,NJ,Democrat,Representative,Bill Pascrell Jr.
RepDonaldPayne,NJ,Democrat,Representative,Donald Payne Jr.
RepSherrill,NJ,Democrat,Representative,Mikie Sherrill
RepBonnie,NJ,Democrat,Representative,Bonnie Watson Coleman
SenatorTomUdall,NM,Democrat,Senator,Tom Udall
MartinHeinrich,NM,Democrat,Senator,Martin Heinrich
RepDebHaaland,NM,Democrat,Representative,Debra Haaland
RepTorresSmall,NM,Democrat,Representative,Xochiti Torres Small
repbenraylujan,NM,Democrat,Representative,Ben R. Lujan
SenSchumer,NY,Democrat,Senator,Chuck Schumer
SenGillibrand,NY,Democrat,Senator,Kirsten Gillibrand
RepLeeZeldin,NY,Republican,Representative,Lee Zeldin
RepPeteKing,NY,Republican,Representative,Pete King
Tom_Suozzi,NY,Democrat,Representative,Tom Suozzi
RepKathleenRice,NY,Democrat,Representative,Kathleen Rice
RepGregoryMeeks,NY,Democrat,Representative,Gregory W. Meeks
RepGraceMeng,NY,Democrat,Representative,Grace Meng
NydiaVelazquez,NY,Democrat,Representative,Nydia M. Velázquez
RepJeffries,NY,Democrat,Representative,Hakeem Jeffries
RepYvetteClarke,NY,Democrat,Representative,Yvette D. Clarke
RepJerryNadler,NY,Democrat,Representative,Jerrold Nadler
RepMaxRose,NY,Democrat,Representative,Max Rose
RepMaloney,NY,Democrat,Representative,Carolyn Maloney
EspaillatNY,NY,Democrat,Representative,Adriano Espaillat
RepAOC,NY,Democrat,Representative,Alexandria Ocasio-Cortez
RepJoseSerrano,NY,Democrat,Representative,José E. Serrano
RepEliotEngel,NY,Democrat,Representative,Eliot Engel
NitaLowey,NY,Democrat,Representative,Nita Lowey
RepSeanMaloney,NY,Democrat,Representative,Sean Patrick Maloney
RepDelgado,NY,Democrat,Representative,Antonio Delgado
RepPaulTonko,NY,Democrat,Representative,Paul D. Tonko
RepStefanik,NY,Republican,Representative,Elise Stefanik
RepBrindisi,NY,Democrat,Representative,Anthony Brindisi
RepTomReed,NY,Republican,Representative,Tom Reed
RepJohnKatko,NY,Republican,Representative,John Katko
RepJoeMorelle,NY,Democrat,Representative,Joseph Morelle
RepBrianHiggins,NY,Democrat,Representative,Brian Higgins
SenThomTillis,NC,Republican,Senator,Thom Tillis
SenatorBurr,NC,Republican,Senator,Richard Burr
GKButterfield,NC,Democrat,Representative,G.K. Butterfield
GeorgeHolding,NC,Republican,Representative,George Holding
RepGregMurphy,NC,Republican,Representative,Greg Murphy
RepDavidEPrice,NC,Democrat,Representative,David Price
virginiafoxx,NC,Republican,Representative,VA Foxx
RepMarkWalker,NC,Republican,Representative,Mark Walker
RepDavidRouzer,NC,Republican,Representative,David Rouzer
RepRichHudson,NC,Republican,Representative,Richard Hudson
jdanbishop,NC,Republican,Representative,Dan Bishop
PatrickMcHenry,NC,Republican,Representative,Patrick T. McHenry
RepAdams,NC,Democrat,Representative,Alma Adams
BuddforCongress,NC,Republican,Representative,Ted Budd
SenJohnHoeven,ND,Republican,Senator,John Hoeven
SenKevinCramer,ND,Republican,Senator,Kevin Cramer
RepArmstrongND,ND,Republican,Representative,Kelly Armstrong
Kilili_Sablan,MP,Democrat,Representative,Gregorio Sablan
senrobportman,OH,Republican,Senator,Rob Portman
SenSherrodBrown,OH,Democrat,Senator,Sherrod Brown
RepSteveChabot,OH,Republican,Representative,Steve Chabot
RepBradWenstrup,OH,Republican,Representative,Brad Wenstrup
RepBeatty,OH,Democrat,Representative,Joyce Beatty
Jim_Jordan,OH,Republican,Representative,Jim Jordan
boblatta,OH,Republican,Representative,Robert E. Latta
RepBillJohnson,OH,Republican,Representative,Bill Johnson
RepBobGibbs,OH,Republican,Representative,Bob Gibbs
WarrenDavidson,OH,Republican,Representative,Warren Davidson
RepMarcyKaptur,OH,Democrat,Representative,Marcy Kaptur
RepMikeTurner,OH,Republican,Representative,Michael Turner
RepMarciaFudge,OH,Democrat,Representative,Marcia L. Fudge
RepBalderson,OH,Republican,Representative,Troy Balderson
RepTimRyan,OH,Democrat,Representative,Tim Ryan
RepDaveJoyce,OH,Republican,Representative,David Joyce
RepSteveStivers,OH,Republican,Representative,Steve Stivers
RepAGonzalez,OH,Republican,Representative,Anthony Gonzalez
SenatorLankford,OK,Republican,Senator,James Lankford
InhofePress,OK,Republican,Senator,Jim Inhofe
RepKevinHern,OK,Republican,Representative,Kevin Hern
RepMullin,OK,Republican,Representative,Markwayne Mullin
RepFrankLucas,OK,Republican,Representative,Frank Lucas
TomColeOK04,OK,Republican,Representative,Tom Cole
RepKendraHorn,OK,Democrat,Representative,Kendra Horn
RonWyden,OR,Democrat,Senator,Ron Wyden
SenJeffMerkley,OR,Democrat,Senator,Jeff Merkley
RepBonamici,OR,Democrat,Representative,Suzanne Bonamici
repgregwalden,OR,Republican,Representative,Greg Walden
repblumenauer,OR,Democrat,Representative,Earl Blumenauer
RepPeterDeFazio,OR,Democrat,Representative,Peter DeFazio
RepSchrader,OR,Democrat,Representative,Kurt Schrader
Jenniffer2012,PR,Republican,Representative,Jenniffer Gonzalez-Colon
SenToomey,PA,Republican,Senator,Patrick Toomey
SenBobCasey,PA,Democrat,Senator,Bob Jr. Casey
RepBrianFitz,PA,Republican,Representative,Brady Fitzpatrick
CongBoyle,PA,Democrat,Representative,Brendan Boyle
RepDwightEvans,PA,Democrat,Representative,Dwight Evans
RepDean,PA,Democrat,Representative,Madeleine Dean
RepMGS,PA,Democrat,Representative,Mary-Gay Scanlon
RepHoulahan,PA,Democrat,Representative,Chrissy Houlahan
RepSusanWild,PA,Democrat,Representative,Susan Wild
RepCartwright,PA,Democrat,Representative,Matt Cartwright
RepMeuser,PA,Republican,Representative,Daniel Meuser
RepScottPerry,PA,Republican,Representative,Scott Perry
RepJohnJoyce,PA,Republican,Representative,John Joyce
GReschenthaler,PA,Republican,Representative,Guy Reschenthaler
CongressmanGT,PA,Republican,Representative,Glenn Thompson
MikeKellyforPA,PA,Republican,Representative,Mike Kelly
RepConorLamb,PA,Democrat,Representative,Conor Lamb
USRepMikeDoyle,PA,Democrat,Representative,Michael Doyle
SenWhitehouse,RI,Democrat,Senator,Sheldon Whitehouse
SenJackReed,RI,Democrat,Senator,Jack Reed
RepCicilline,RI,Democrat,Representative,David Cicilline
jimlangevin,RI,Democrat,Representative,Jim Langevin
SenatorTimScott,SC,Republican,Senator,Tim Scott
LindsayGrahamSC,SC,Republican,Senator,Lindsey Graham
RepCunningham,SC,Democrat,Representative,Joe Cunningham
RepJoeWilson,SC,Republican,Representative,Joe Wilson
RepJeffDuncan,SC,Republican,Representative,Jeff Duncan
RepTimmons,SC,Republican,Representative,William Timmons
RepRalphNorman,SC,Republican,Representative,Ralph Norman
WhipClyburn,SC,Democrat,Representative,James E. Clyburn
RepTomRice,SC,Republican,Representative,Tom Rice
SenJohnThune,SD,Republican,Senator,John Thune
SenatorRounds,SD,Republican,Senator,Mike Rounds
RepDustyJohnson,SD,Republican,Representative,Dusty Johnson
MarshaBlackburn,TN,Republican,Senator,Marsha Blackburn
SenAlexander,TN,Republican,Senator,Lamar Alexander
DrPhilRoe,TN,Republican,Representative,Phil Roe
RepTimBurchett,TN,Republican,Representative,Tim Burchett
RepChuck,TN,Republican,Representative,Chuck Fleischmann
DesJarlaisTN04,TN,Republican,Representative,Scott DesJarlais
repjimcooper,TN,Democrat,Representative,Jim Cooper
RepJohnRose,TN,Republican,Representative,John W. Rose
RepMarkGreen,TN,Republican,Representative,Mark Green
DavidKustoff,TN,Republican,Representative,David Kustoff
RepCohen,TN,Democrat,Representative,Steve Cohen
SenTedCruz,TX,Republican,Senator,Ted Cruz
JohnCornyn,TX,Republican,Senator,John Cornyn
replouiegohmert,TX,Republican,Representative,Louie Gohmert
RepDanCrenshaw,TX,Republican,Representative,Dan Crenshaw
RepVanTaylor,TX,Republican,Representative,Van Taylor
Lancegooden,TX,Republican,Representative,Lance Gooden
RepRonWright,TX,Republican,Representative,Ron Wright
RepFletcher,TX,Democrat,Representative,Lizzie Fletcher
RepKevinBrady,TX,Republican,Representative,Kevin Brady
RepAlGreen,TX,Democrat,Representative,Al Green
RepMcCaul,TX,Republican,Representative,Michael T. McCaul
ConawayTX11,TX,Republican,Representative,K. Michael Conaway
RepKayGranger,TX,Republican,Representative,Kay Granger
MacTXPress,TX,Republican,Representative,Mac Thornberry
TXRandy14,TX,Republican,Representative,Randy Weber
RepGonzalez,TX,Democrat,Representative,Vincente Gonzalez
RepEscobar,TX,Democrat,Representative,Veronica Escobar
RepBillFlores,TX,Republican,Representative,Bill Flores
JacksonLeeTX18,TX,Democrat,Representative,Sheila Jackson Lee
JodeyArrington,TX,Republican,Representative,Jodey Arrington
JoaquinCastrotx,TX,Democrat,Representative,Joaquin Castro
RepChipRoy,TX,Republican,Representative,Chip Roy
PeteOlson,TX,Republican,Representative,Pete Olson
HurdOnTheHill,TX,Republican,Representative,Will Hurd
RepKenMarchant,TX,Republican,Representative,Kenny Marchant
RepRWilliams,TX,Republican,Representative,Roger Williams
michaelcburgess,TX,Republican,Representative,Michael Burgess
RepCloudTX,TX,Republican,Representative,Michael Cloud
RepCuellar,TX,Democrat,Representative,Henry Cuellar
RepSylviaGarcia,TX,Democrat,Representative,Sylvia Garcia
RepEBJ,TX,Democrat,Representative,Eddie Bernice Johnson
JudgeCarter,TX,Republican,Representative,John Carter
RepColinAllred,TX,Democrat,Representative,Colin Allred
RepVeasey,TX,Democrat,Representative,Marc Veasey
RepFilemonVela,TX,Democrat,Representative,Filemon Vela
RepLloydDoggett,TX,Democrat,Representative,Lloyd Doggett
RepBrianBabin,TX,Republican,Representative,Brian Babin
SenMikeLee,UT,Republican,Senator,Mike Lee
SenatorRomney,UT,Republican,Senator,Mitt Romney
RepHalRogers,UT,Republican,Representative,Rob Bishop
RepChrisStewart,UT,Republican,Representative,Chris Stewart
RepJohnCurtis,UT,Republican,Representative,John R. Curtis
RepBenMcAdams,UT,Democrat,Representative,Ben McAdams
SenSanders,VT,Independent,Senator,Bernie Sanders
PeterWelch,VT,Democrat,Representative,Peter Welch
MarkWarner,VA,Democrat,Senator,Mark Warner
timkaine,VA,Democrat,Senator,Tim Kaine
RobWittman,VA,Republican,Representative,Robert J. Wittman
RepElaineLuria,VA,Democrat,Representative,Elaine Luria
BobbyScott,VA,Democrat,Representative,Robert C. Scott
Donald_McEachin,VA,Democrat,Representative,Donald McEacchin
RepRiggleman,VA,Republican,Representative,Denver Riggleman
RepBenCline,VA,Republican,Representative,Ben Cline
RepSpanberger,VA,Democrat,Representative,Abigail Spanberger
RepDonBeyer,VA,Democrat,Representative,Don Beyer
RepMGriffith,VA,Republican,Representative,Morgan Griffith
RepWexton,VA,Democrat,Representative,Jennifer Wexton
GerryConnolly,VA,Democrat,Representative,Gerald E. “Gerry” Connolly
StaceyPlaskett,VI,Democrat,Representative,Stacey Plaskett
PattyMurray,WA,Democrat,Senator,Patty Murray
SenatorCantwell,WA,Democrat,Senator,Maria Cantwell
RepDelBene,WA,Democrat,Representative,Suzan DelBene
RepRickLarsen,WA,Democrat,Representative,Rick Larsen
HerreraBeutler,WA,Republican,Representative,Jaime Herrera Beutler
RepNewhouse,WA,Republican,Representative,Dan Newhouse
cathymcmorris,WA,Republican,Representative,Cathy McMorris Rodgers
RepDerekKilmer,WA,Democrat,Representative,Derek Kilmer
PramilaJayapal,WA,Democrat,Representative,Pramila Jayapal
RepKimSchrier,WA,Democrat,Representative,Kim Schrier
RepAdamSmith,WA,Democrat,Representative,Adam Smith
RepDennyHeck,WA,Democrat,Representative,Denny Heck
Sen_JoeManchin,WV,Democrat,Senator,Joe Manchin
SenCapito,WV,Republican,Senator,Shelley Moore Capito
RepMcKinley,WV,Republican,Representative,David McKinley
RepAlexMooney,WV,Republican,Representative,Alex Mooney
RepCarolMiller,WV,Republican,Representative,Carol Miller
SenRonJohnson,WI,Republican,Senator,Ron Johnson
SenatorBaldwin,WI,Democrat,Senator,Tammy Baldwin
RepBryanSteil,WI,Republican,Representative,Bryan Steil
repmarkpocan,WI,Democrat,Representative,Mark Pocan
RepRonKind,WI,Democrat,Representative,Ron Kind
RepGwenMoore,WI,Democrat,Representative,Gwen Moore
JimPressOffice,WI,Republican,Representative,F. James Sensenbrenner
RepGrothman,WI,Republican,Representative,Glenn Grothman
TomTiffanyWI,WI,Republican,Representative,Thomas Tiffany
MikeforWI,WI,Republican,Representative,Mike Gallagher
SenatorEnzi,WY,Republican,Senator,Mike Enzi
SenJohnBarrasso,WY,Republican,Senator,John Barrasso
Liz_Cheney,WY,Republican,Representative,Liz Cheney
realDonaldTrump,,Republican,POTUS,Donald J. Trump
